{
  "frame_width": 1920,
  "frame_height": 1080,
  "lane_width_cm": 25.0,
  "lane_width_px": 958.0,
  "pixels_per_cm": 38.32,
  "cm_per_pixel": 0.026096033402922755,
  "camera_height_cm": 15.0,
  "source_image": "images/capture_0025.jpg",
  "timestamp": 1762515506.546037
}
