{
  "frame_width": 1920,
  "frame_height": 1080,
  "lane_width_cm": 25.0,
  "lane_width_px": 1148.0,
  "pixels_per_cm": 45.92,
  "cm_per_pixel": 0.02177700348432056,
  "camera_height_cm": 15.0,
  "source_image": "images/capture_0002.jpg",
  "timestamp": 1762515408.7243538
}
