{
  "frame_width": 1920,
  "frame_height": 1080,
  "lane_width_cm": 25.0,
  "lane_width_px": 1124.0,
  "pixels_per_cm": 44.96,
  "cm_per_pixel": 0.02224199288256228,
  "camera_height_cm": 15.0,
  "source_image": "images/capture_0015.jpg",
  "timestamp": 1762515465.2117186
}
