{
  "frame_width": 1920,
  "frame_height": 1080,
  "lane_width_cm": 25.0,
  "lane_width_px": 1059.0,
  "pixels_per_cm": 42.36,
  "cm_per_pixel": 0.023607176581680833,
  "camera_height_cm": 15.0,
  "source_image": "images/capture_0018.jpg",
  "timestamp": 1762515477.7618668
}
