{
  "frame_width": 1920,
  "frame_height": 1080,
  "lane_width_cm": 25.0,
  "lane_width_px": 1162.0,
  "pixels_per_cm": 46.48,
  "cm_per_pixel": 0.021514629948364887,
  "camera_height_cm": 15.0,
  "source_image": "images/capture_0022.jpg",
  "timestamp": 1762515493.0499225
}
