{
  "frame_width": 1920,
  "frame_height": 1080,
  "lane_width_cm": 25.0,
  "lane_width_px": 360.0,
  "pixels_per_cm": 14.4,
  "cm_per_pixel": 0.06944444444444445,
  "camera_height_cm": 15.0,
  "source_image": "images/capture_0005.jpg",
  "timestamp": 1762515427.0062199
}
