{
  "frame_width": 1920,
  "frame_height": 1080,
  "lane_width_cm": 25.0,
  "lane_width_px": 1352.0,
  "pixels_per_cm": 54.08,
  "cm_per_pixel": 0.01849112426035503,
  "camera_height_cm": 15.0,
  "source_image": "images/capture_0003.jpg",
  "timestamp": 1762515411.2589781
}
