{
  "frame_width": 1920,
  "frame_height": 1080,
  "lane_width_cm": 25.0,
  "lane_width_px": 1164.0,
  "pixels_per_cm": 46.56,
  "cm_per_pixel": 0.02147766323024055,
  "camera_height_cm": 15.0,
  "source_image": "images/capture_0017.jpg",
  "timestamp": 1762515475.243134
}
