{
  "frame_width": 1920,
  "frame_height": 1080,
  "lane_width_cm": 25.0,
  "lane_width_px": 265.0,
  "pixels_per_cm": 10.6,
  "cm_per_pixel": 0.09433962264150944,
  "camera_height_cm": 15.0,
  "source_image": "images/capture_0027.jpg",
  "timestamp": 1762515511.682732
}
