{
  "frame_width": 1920,
  "frame_height": 1080,
  "lane_width_cm": 25.0,
  "lane_width_px": 477.0,
  "pixels_per_cm": 19.08,
  "cm_per_pixel": 0.05241090146750524,
  "camera_height_cm": 15.0,
  "source_image": "images/capture_0008.jpg",
  "timestamp": 1762515521.1814394
}
