{
  "frame_width": 1920,
  "frame_height": 1080,
  "lane_width_cm": 25.0,
  "lane_width_px": 198.0,
  "pixels_per_cm": 7.92,
  "cm_per_pixel": 0.12626262626262627,
  "camera_height_cm": 15.0,
  "source_image": "images/capture_0007.jpg",
  "timestamp": 1762515432.0681214
}
