{
  "frame_width": 1920,
  "frame_height": 1080,
  "lane_width_cm": 25.0,
  "lane_width_px": 1156.0,
  "pixels_per_cm": 46.24,
  "cm_per_pixel": 0.02162629757785467,
  "camera_height_cm": 15.0,
  "source_image": "images/capture_0024.jpg",
  "timestamp": 1762515503.958637
}
