{
  "frame_width": 1920,
  "frame_height": 1080,
  "lane_width_cm": 25.0,
  "lane_width_px": 441.0,
  "pixels_per_cm": 17.64,
  "cm_per_pixel": 0.05668934240362812,
  "camera_height_cm": 15.0,
  "source_image": "images/capture_0004.jpg",
  "timestamp": 1762515424.4302948
}
