{
  "frame_width": 1920,
  "frame_height": 1080,
  "lane_width_cm": 25.0,
  "lane_width_px": 1087.0,
  "pixels_per_cm": 43.48,
  "cm_per_pixel": 0.022999080036798528,
  "camera_height_cm": 15.0,
  "source_image": "images/capture_0020.jpg",
  "timestamp": 1762515487.9361913
}
