{
  "frame_width": 1920,
  "frame_height": 1080,
  "lane_width_cm": 25.0,
  "lane_width_px": 1306.0,
  "pixels_per_cm": 52.24,
  "cm_per_pixel": 0.01914241960183767,
  "camera_height_cm": 15.0,
  "source_image": "images/capture_0000.jpg",
  "timestamp": 1762515443.107901
}
