{
  "frame_width": 1920,
  "frame_height": 1080,
  "lane_width_cm": 25.0,
  "lane_width_px": 429.0,
  "pixels_per_cm": 17.16,
  "cm_per_pixel": 0.05827505827505827,
  "camera_height_cm": 15.0,
  "source_image": "images/capture_0011.jpg",
  "timestamp": 1762515448.2376626
}
