{
  "frame_width": 1920,
  "frame_height": 1080,
  "lane_width_cm": 25.0,
  "lane_width_px": 1290.0,
  "pixels_per_cm": 51.6,
  "cm_per_pixel": 0.01937984496124031,
  "camera_height_cm": 15.0,
  "source_image": "images/capture_0019.jpg",
  "timestamp": 1762515480.3131156
}
