{
  "frame_width": 1920,
  "frame_height": 1080,
  "lane_width_cm": 25.0,
  "lane_width_px": 1278.0,
  "pixels_per_cm": 51.12,
  "cm_per_pixel": 0.019561815336463225,
  "camera_height_cm": 15.0,
  "source_image": "images/capture_0021.jpg",
  "timestamp": 1762515490.5191045
}
